{
    "showifs": {},
    "line-numbers": {},
    "substitutions": {
        "rule-4": {
            "subs": [
                {
                    "extras": {},
                    "part": "1",
                    "template-line-number": 211,
                    "replacement-node": 10,
                    "node-pos": 30,
                    "name": "Acq"
                },
                {
                    "part": "2",
                    "template-line-number": 239,
                    "replacement-node": 12,
                    "node-pos": 48,
                    "name": "Acq",
                    "expression-node": 13
                },
                {
                    "extras": {},
                    "part": "22",
                    "template-line-number": 659,
                    "replacement-node": 126,
                    "node-pos": 298,
                    "name": "Acq"
                },
                {
                    "extras": {},
                    "part": "3",
                    "template-line-number": 244,
                    "replacement-node": 14,
                    "node-pos": 51,
                    "name": "Acq"
                },
                {
                    "extras": {},
                    "part": "3",
                    "template-line-number": 265,
                    "replacement-node": 20,
                    "node-pos": 64,
                    "name": "Acq"
                },
                {
                    "extras": {},
                    "part": "3",
                    "template-line-number": 286,
                    "replacement-node": 26,
                    "node-pos": 77,
                    "name": "Acq"
                },
                {
                    "extras": {},
                    "part": "3",
                    "template-line-number": 308,
                    "replacement-node": 32,
                    "node-pos": 90,
                    "name": "Acq"
                },
                {
                    "extras": {},
                    "part": "3",
                    "template-line-number": 330,
                    "replacement-node": 38,
                    "node-pos": 103,
                    "name": "Acq"
                },
                {
                    "extras": {},
                    "part": "3",
                    "template-line-number": 361,
                    "replacement-node": 44,
                    "node-pos": 122,
                    "name": "Acq"
                },
                {
                    "extras": {},
                    "part": "3",
                    "template-line-number": 382,
                    "replacement-node": 50,
                    "node-pos": 134,
                    "name": "Acq"
                },
                {
                    "extras": {},
                    "part": "3",
                    "template-line-number": 404,
                    "replacement-node": 56,
                    "node-pos": 146,
                    "name": "Acq"
                },
                {
                    "extras": {},
                    "part": "3",
                    "template-line-number": 425,
                    "replacement-node": 62,
                    "node-pos": 158,
                    "name": "Acq"
                },
                {
                    "extras": {},
                    "part": "3",
                    "template-line-number": 446,
                    "replacement-node": 68,
                    "node-pos": 171,
                    "name": "Acq"
                },
                {
                    "extras": {},
                    "part": "3",
                    "template-line-number": 468,
                    "replacement-node": 74,
                    "node-pos": 184,
                    "name": "Acq"
                },
                {
                    "extras": {},
                    "part": "3",
                    "template-line-number": 489,
                    "replacement-node": 80,
                    "node-pos": 197,
                    "name": "Acq"
                },
                {
                    "extras": {},
                    "part": "3",
                    "template-line-number": 512,
                    "replacement-node": 86,
                    "node-pos": 210,
                    "name": "Acq"
                },
                {
                    "extras": {},
                    "part": "3",
                    "template-line-number": 534,
                    "replacement-node": 92,
                    "node-pos": 223,
                    "name": "Acq"
                },
                {
                    "extras": {},
                    "part": "3",
                    "template-line-number": 575,
                    "replacement-node": 104,
                    "node-pos": 249,
                    "name": "Acq"
                },
                {
                    "extras": {},
                    "part": "3",
                    "template-line-number": 596,
                    "replacement-node": 110,
                    "node-pos": 262,
                    "name": "Acq"
                },
                {
                    "extras": {},
                    "part": "3",
                    "template-line-number": 619,
                    "replacement-node": 116,
                    "node-pos": 275,
                    "name": "Acq"
                },
                {
                    "extras": {},
                    "part": "3",
                    "template-line-number": 642,
                    "replacement-node": 122,
                    "node-pos": 288,
                    "name": "Acq"
                },
                {
                    "extras": {},
                    "part": "3",
                    "template-line-number": 664,
                    "replacement-node": 128,
                    "node-pos": 301,
                    "name": "Acq"
                },
                {
                    "extras": {},
                    "part": "4",
                    "template-line-number": 250,
                    "replacement-node": 16,
                    "node-pos": 54,
                    "name": "Acq"
                },
                {
                    "extras": {},
                    "part": "4",
                    "template-line-number": 271,
                    "replacement-node": 22,
                    "node-pos": 67,
                    "name": "Acq"
                },
                {
                    "extras": {},
                    "part": "4",
                    "template-line-number": 292,
                    "replacement-node": 28,
                    "node-pos": 80,
                    "name": "Acq"
                },
                {
                    "extras": {},
                    "part": "4",
                    "template-line-number": 314,
                    "replacement-node": 34,
                    "node-pos": 93,
                    "name": "Acq"
                },
                {
                    "extras": {},
                    "part": "4",
                    "template-line-number": 336,
                    "replacement-node": 40,
                    "node-pos": 106,
                    "name": "Acq"
                },
                {
                    "extras": {},
                    "part": "4",
                    "template-line-number": 367,
                    "replacement-node": 46,
                    "node-pos": 125,
                    "name": "Acq"
                },
                {
                    "extras": {},
                    "part": "4",
                    "template-line-number": 388,
                    "replacement-node": 52,
                    "node-pos": 137,
                    "name": "Acq"
                },
                {
                    "extras": {},
                    "part": "4",
                    "template-line-number": 410,
                    "replacement-node": 58,
                    "node-pos": 149,
                    "name": "Acq"
                },
                {
                    "extras": {},
                    "part": "4",
                    "template-line-number": 431,
                    "replacement-node": 64,
                    "node-pos": 161,
                    "name": "Acq"
                },
                {
                    "extras": {},
                    "part": "4",
                    "template-line-number": 452,
                    "replacement-node": 70,
                    "node-pos": 174,
                    "name": "Acq"
                },
                {
                    "extras": {},
                    "part": "4",
                    "template-line-number": 474,
                    "replacement-node": 76,
                    "node-pos": 187,
                    "name": "Acq"
                },
                {
                    "extras": {},
                    "part": "4",
                    "template-line-number": 495,
                    "replacement-node": 82,
                    "node-pos": 200,
                    "name": "Acq"
                },
                {
                    "extras": {},
                    "part": "4",
                    "template-line-number": 518,
                    "replacement-node": 88,
                    "node-pos": 213,
                    "name": "Acq"
                },
                {
                    "extras": {},
                    "part": "4",
                    "template-line-number": 540,
                    "replacement-node": 94,
                    "node-pos": 226,
                    "name": "Acq"
                },
                {
                    "extras": {},
                    "part": "4",
                    "template-line-number": 581,
                    "replacement-node": 106,
                    "node-pos": 252,
                    "name": "Acq"
                },
                {
                    "extras": {},
                    "part": "4",
                    "template-line-number": 602,
                    "replacement-node": 112,
                    "node-pos": 265,
                    "name": "Acq"
                },
                {
                    "extras": {},
                    "part": "4",
                    "template-line-number": 625,
                    "replacement-node": 118,
                    "node-pos": 278,
                    "name": "Acq"
                },
                {
                    "extras": {},
                    "part": "4",
                    "template-line-number": 648,
                    "replacement-node": 124,
                    "node-pos": 291,
                    "name": "Acq"
                },
                {
                    "extras": {},
                    "part": "4",
                    "template-line-number": 670,
                    "replacement-node": 130,
                    "node-pos": 304,
                    "name": "Acq"
                },
                {
                    "part": "5",
                    "template-line-number": 260,
                    "replacement-node": 18,
                    "node-pos": 61,
                    "name": "Acq",
                    "expression-node": 19
                },
                {
                    "part": "5",
                    "template-line-number": 281,
                    "replacement-node": 24,
                    "node-pos": 74,
                    "name": "Acq",
                    "expression-node": 25
                },
                {
                    "part": "5",
                    "template-line-number": 303,
                    "replacement-node": 30,
                    "node-pos": 87,
                    "name": "Acq",
                    "expression-node": 31
                },
                {
                    "part": "5",
                    "template-line-number": 325,
                    "replacement-node": 36,
                    "node-pos": 100,
                    "name": "Acq",
                    "expression-node": 37
                },
                {
                    "part": "5",
                    "template-line-number": 356,
                    "replacement-node": 42,
                    "node-pos": 119,
                    "name": "Acq",
                    "expression-node": 43
                },
                {
                    "part": "5",
                    "template-line-number": 377,
                    "replacement-node": 48,
                    "node-pos": 131,
                    "name": "Acq",
                    "expression-node": 49
                },
                {
                    "part": "5",
                    "template-line-number": 399,
                    "replacement-node": 54,
                    "node-pos": 143,
                    "name": "Acq",
                    "expression-node": 55
                },
                {
                    "part": "5",
                    "template-line-number": 420,
                    "replacement-node": 60,
                    "node-pos": 155,
                    "name": "Acq",
                    "expression-node": 61
                },
                {
                    "part": "5",
                    "template-line-number": 441,
                    "replacement-node": 66,
                    "node-pos": 168,
                    "name": "Acq",
                    "expression-node": 67
                },
                {
                    "part": "5",
                    "template-line-number": 463,
                    "replacement-node": 72,
                    "node-pos": 181,
                    "name": "Acq",
                    "expression-node": 73
                },
                {
                    "part": "5",
                    "template-line-number": 484,
                    "replacement-node": 78,
                    "node-pos": 194,
                    "name": "Acq",
                    "expression-node": 79
                },
                {
                    "part": "5",
                    "template-line-number": 507,
                    "replacement-node": 84,
                    "node-pos": 207,
                    "name": "Acq",
                    "expression-node": 85
                },
                {
                    "part": "5",
                    "template-line-number": 529,
                    "replacement-node": 90,
                    "node-pos": 220,
                    "name": "Acq",
                    "expression-node": 91
                },
                {
                    "part": "5",
                    "template-line-number": 551,
                    "replacement-node": 96,
                    "node-pos": 233,
                    "name": "Acq",
                    "expression-node": 97
                },
                {
                    "extras": {},
                    "part": "5",
                    "template-line-number": 557,
                    "replacement-node": 98,
                    "node-pos": 237,
                    "name": "Acq"
                },
                {
                    "extras": {},
                    "part": "5",
                    "template-line-number": 562,
                    "replacement-node": 100,
                    "node-pos": 240,
                    "name": "Acq"
                },
                {
                    "part": "5",
                    "template-line-number": 570,
                    "replacement-node": 102,
                    "node-pos": 246,
                    "name": "Acq",
                    "expression-node": 103
                },
                {
                    "part": "5",
                    "template-line-number": 591,
                    "replacement-node": 108,
                    "node-pos": 259,
                    "name": "Acq",
                    "expression-node": 109
                },
                {
                    "html": true,
                    "part": "5",
                    "template-line-number": 614,
                    "replacement-node": 114,
                    "node-pos": 272,
                    "name": "Acq",
                    "expression-node": 115
                },
                {
                    "extras": {},
                    "part": "5",
                    "template-line-number": 637,
                    "replacement-node": 120,
                    "node-pos": 285,
                    "name": "Acq"
                }
            ],
            "name": "Acq"
        },
        "rule-1": [
            {
                "node-pos": 9,
                "part": null,
                "template-line-number": 25,
                "expression-node": 1,
                "replacement-node": 0
            }
        ],
        "rule-2": [
            {
                "node-pos": 16,
                "part": null,
                "template-line-number": 41,
                "expression-node": 4,
                "replacement-node": 3
            }
        ],
        "rule-3": [
            {
                "node-pos": 22,
                "part": null,
                "template-line-number": 55,
                "replacement-node": 6
            }
        ]
    }
}